6117589,Virginia,Drake,Retail,2009,Full Time,$440000
6117614,Patricia,Richards,Commercial,1997,Full Time,$400000
6117621,Beau,Bowen,Global,1991,Full Time,$300000
6117634,Brenton,Wallace,Retail,2012,Full Time,$125000
6117662,Shannon,Patterson,Private,1991,Full Time,$480000
6117696,Laurel,Dale,Private,1996,Full Time,$280000
6117727,Leslie,Farley,Investment,1989,Full Time,$380000
6117739,Ethan,Lara,Investment,2017,Full Time,$85000
6117783,Rosa,Kirkland,Commercial,1991,Full Time,$280000
6117817,Chad,May,Commercial,2018,Full Time,$80000
6117864,Heidi,Fleming,Retail,1992,Full Time,$160000
6117883,Alvaro,Hansen,Private,1984,Full Time,$340000
6117915,Amanda,Reeves,Private,2009,Full Time,$160000
6117939,Samantha,Lowe,Global,1987,Full Time,$180000
6117962,Rachael,Daniels,Private,1996,Full Time,$480000
6117984,Virginia,Vinson,Commercial,1992,Full Time,$300000
6118001,Julie,Lynch,Investment,2004,Full Time,$260000
6118018,Amanda,Burks,Private,2003,Full Time,$460000
6118042,Maria,Sellers,Retail,2014,Full Time,$110000
6118067,Marilyn,Mendez,Private,2003,Full Time,$160000
6118076,Darryl,Meyer,Commercial,2014,Full Time,$110000
6118113,Spencer,Buck,Retail,2013,Full Time,$130000
6118148,Stanley,Lynch,Retail,1983,Full Time,$420000
6118192,Kirk,Hartman,Investment,1981,Full Time,$400000
6118202,Terence,Bowers,Investment,2016,Full Time,$70000
6118222,Alison,Horn,Global,1998,Full Time,$320000
6118260,Lynn,Marsh,Investment,1999,Full Time,$280000
6118293,Kory,Hopkins,Retail,1981,Full Time,$440000
6118335,Esteban,Mccarty,Private,1989,Full Time,$340000
6118350,Jackie,Chang,Investment,2003,Full Time,$400000
6118377,Misty,Whitaker,Investment,1998,Full Time,$160000
6118421,Jolene,Stewart,Investment,1995,Full Time,$320000
6118437,Kyle,Stephenson,Global,1983,Full Time,$440000
6118456,Skyler,Camacho,Commercial,2008,Full Time,$440000
6118505,Tanner,Elliott,Private,2014,Full Time,$110000
6118523,Tatiana,Maddox,Investment,2011,Full Time,$480000
6118572,Anastasia,Irwin,Retail,1991,Full Time,$200000
6118608,Francesca,Rios,Global,2020,Full Time,$65000
6118643,Jodie,Boone,Investment,2016,Full Time,$70000
6118655,Howard,Leon,Global,1999,Full Time,$180000
6118696,Jordan,Cardenas,Global,1993,Full Time,$460000
6118711,Chelsea,Curry,Investment,2001,Full Time,$320000
6118739,Brendan,Hooper,Global,1990,Full Time,$280000
6118771,Jeremiah,Cardenas,Private,1982,Full Time,$220000
6118776,Valerie,Sykes,Global,1989,Full Time,$340000
6118788,Heidi,Willis,Private,1993,Full Time,$180000
6118838,Xavier,Ellis,Global,2012,Full Time,$130000
6118887,Trenton,Richardson,Commercial,1988,Full Time,$300000
6118908,Sydney,Scott,Commercial,2013,Full Time,$130000
6118949,Owen,Calhoun,Retail,1982,Full Time,$340000
6118977,Leigh,Allen,Investment,1992,Full Time,$320000
6119002,Bethany,Mccormick,Retail,1982,Full Time,$160000
6119022,Ashely,Webb,Global,2008,Full Time,$220000
6119069,Chase,Gutierrez,Investment,2014,Full Time,$110000
6119103,Theodore,Knight,Private,2012,Full Time,$130000
6119137,Patricia,Todd,Private,1983,Full Time,$160000
6119175,Anastasia,Gordon,Private,2008,Full Time,$240000
6119209,Katrina,Schultz,Private,2006,Full Time,$260000
6119216,Raven,Kaufman,Global,2007,Full Time,$160000
6119236,Molly,Good,Retail,1989,Full Time,$420000
6119267,Karla,Graham,Investment,1991,Full Time,$420000
6119279,Dale,Best,Global,2017,Full Time,$80000
6119302,Mathew,Prince,Private,1983,Full Time,$480000
6119328,Rocky,Cook,Investment,2020,Contract,$25/hour
6119374,Jodi,Santos,Private,2012,Full Time,$130000
6119403,Antonio,Potter,Retail,2015,Full Time,$110000
6119443,Erika,Blair,Investment,1993,Full Time,$420000
6119480,Dena,Jensen,Retail,2005,Full Time,$340000
6119497,Noel,Dalton,Private,1982,Full Time,$480000
6119542,Elliott,Herman,Retail,2005,Full Time,$200000
6119576,Molly,Nelson,Investment,1988,Full Time,$180000
6119608,Raquel,Morrow,Global,2013,Full Time,$130000
6119645,Stanley,Howell,Private,1981,Full Time,$360000
6119674,Brittney,Gonzalez,Private,1993,Full Time,$200000
6119709,Leigh,Murphy,Private,1989,Full Time,$320000
6119734,Jami,Adkins,Global,2010,Full Time,$480000
6119760,Madeline,Glover,Investment,2014,Full Time,$110000
6119785,Nolan,Patrick,Investment,1992,Full Time,$280000
6119831,Haley,Holder,Private,2020,Contract,$35/hour
6119858,Blair,Hamilton,Investment,2020,Contract,$30/hour
6119887,Vanessa,Clayton,Global,1988,Full Time,$460000
6119895,Sylvia,Barron,Private,1995,Full Time,$180000
6119942,Marquis,Banks,Global,2001,Full Time,$460000
6119973,Neal,Pacheco,Investment,1985,Full Time,$280000
6120023,Meaghan,May,Global,1994,Full Time,$260000
6120028,Jarrod,Rodriquez,Global,1987,Full Time,$380000
6120037,Jerome,Jarvis,Private,2013,Full Time,$130000
6120083,Jonathan,Sims,Retail,1988,Full Time,$420000
6120091,Michael,Cervantes,Global,1982,Full Time,$220000
6120134,Pamela,Frye,Commercial,1983,Full Time,$180000
6120174,Branden,Santana,Investment,1985,Full Time,$440000
6120187,Dana,Beard,Investment,1996,Full Time,$200000
6120230,Dominic,Wolfe,Retail,2012,Full Time,$125000
6120278,Autumn,Bartlett,Retail,2006,Full Time,$320000
6120312,Jorge,Benjamin,Investment,2005,Full Time,$180000
6120348,Ashleigh,Ferrell,Global,2015,Full Time,$95000
6120383,Latrice,Watson,Commercial,1981,Full Time,$220000
6120401,Angela,Wilkinson,Retail,1988,Full Time,$340000
6120439,Priscilla,Potts,Global,1981,Full Time,$220000
6120460,Collin,Weber,Retail,1984,Full Time,$280000
